Num,EUI-M,EUI,Device,Date,Time,Status,Description,,,,
1,25354,D56EF450F2,2510V1.2,09/07/2026,09:47:05,Ok,,,,,
2,25354,365874DBF3,2510V1.2,09/07/2026,15:48:46,Repaired,Ok_was_on_2026-07-09_10:00:27,Defected_was_on_2026-07-09_11:39:03,,,
3,25354,E3045B1FF1,2510V1.2,09/07/2026,12:23:18,Repaired,Defected_was_on_2026-07-09_10:33:20,,,,
4,25354,900D601EF0,2510V1.2,09/07/2026,14:23:01,Repaired,Defected_was_on_2026-07-09_10:51:36,Repaired_was_on_2026-07-09_10:57:10,Defected_was_on_2026-07-09_12:05:00,Repaired_was_on_2026-07-09_12:18:13,Defected_was_on_2026-07-09_14:18:58
5,25354,99F1E95B14,2510V1.2,09/07/2026,12:29:23,Repaired,Defected_was_on_2026-07-09_11:01:31,,,,
6,25354,7DBE5CBFF1,2510V1.2,09/07/2026,12:20:39,Repaired,Defected_was_on_2026-07-09_11:30:38,,,,
7,25354,DF5FD10D2D,2510V1.2,09/07/2026,11:57:13,Ok,,,,,
8,25354,2A822A3BF0,2510V1.2,09/07/2026,12:36:23,Ok,,,,,
9,25354,B59C4DE0F3,2510V1.2,09/07/2026,12:50:07,Ok,,,,,
10,25354,175EB0D4F2,2510V1.2,09/07/2026,12:53:13,Ok,,,,,
11,25354,8BF7D927F1,2510V1.2,09/07/2026,13:02:34,Repaired,Defected_was_on_2026-07-09_13:01:17,,,,
12,25354,A64B0D14F3,2510V1.2,09/07/2026,14:58:26,Repaired,Ok_was_on_2026-07-09_13:06:57,Defected_was_on_2026-07-09_14:47:16,,,
13,25354,C6B9B4A4F2,2510V1.2,09/07/2026,14:43:25,Repaired,Ok_was_on_2026-07-09_12:51:34,Defected_was_on_2026-07-09_12:53:46,,,
14,25354,21852ACCF5,2510V1.2,09/07/2026,15:53:52,Ok,,,,,
15,25354,734CDF17FE,2510V1.2,09/07/2026,15:59:35,Ok,,,,,
16,25354,3470F1F214,2510V1.2,09/07/2026,16:12:32,Ok,,,,,
17,25354,8F4CF293F3,2510V1.2,09/07/2026,16:15:54,Ok,,,,,
18,25354,ADFD38B4F2,2510V1.2,09/07/2026,16:19:24,Ok,,,,,
19,25354,593596AE28,2510V1.2,15/07/2026,09:03:51,Ok,,,,,
20,20000,0,2510V1.2,15/07/2026,09:07:18,Defected,,,,,
21,25354,35C3B8B6F3,2510V1.2,15/07/2026,09:16:38,Ok,,,,,
22,25354,0489F020F2,2510V1.2,15/07/2026,09:19:30,Ok,,,,,
23,25354,982099D3F1,2510V1.2,15/07/2026,09:30:04,Ok,,,,,
24,25354,08681DDBFE,2510V1.2,15/07/2026,09:35:32,Ok,,,,,
25,25354,5A10DD57F1,2510V1.2,15/07/2026,09:41:57,Ok,,,,,
26,25354,CC39A4AE29,2510V1.2,15/07/2026,09:49:17,Ok,,,,,
27,25354,D458D1FA28,2510V1.2,15/07/2026,09:54:19,Ok,,,,,
28,25354,A474A102F0,2510V1.2,15/07/2026,09:58:21,Ok,,,,,
29,25354,7E9B174628,2510V1.2,17/07/2026,12:33:18,Repaired,Ok_was_on_2026-07-15_10:01:42,Defected_was_on_2026-07-17_11:54:45,,,
30,25354,49C79DA3F1,2510V1.2,15/07/2026,10:08:16,Ok,,,,,
31,25354,1EFBEB27F0,2510V1.2,15/07/2026,10:11:57,Ok,,,,,
32,25354,05B06749F5,2510V1.2,15/07/2026,10:15:24,Ok,,,,,
33,25354,A8E2737BF3,2510V1.2,15/07/2026,10:20:17,Ok,,,,,
34,25354,81E58CFCF3,2510V1.2,15/07/2026,10:25:07,Ok,,,,,
35,25354,258F342FF3,2510V1.2,15/07/2026,10:28:20,Ok,,,,,
36,25354,2211546228,2510V1.2,15/07/2026,10:31:18,Ok,,,,,
37,25354,609B9FE3FE,2510V1.2,15/07/2026,10:38:51,Ok,,,,,
38,25354,88D292DE28,2510V1.2,15/07/2026,10:46:51,Ok,,,,,
39,25354,BCAB53C228,2510V1.2,15/07/2026,10:51:28,Ok,,,,,
40,25354,5EABF6E3F3,2510V1.2,15/07/2026,10:54:25,Ok,,,,,
41,25354,0221B5C7F3,2510V1.2,15/07/2026,10:58:00,Ok,,,,,
42,25354,6164025FF2,2510V1.2,15/07/2026,11:03:08,Ok,,,,,
43,25354,3FC6C45215,2510V1.2,15/07/2026,11:08:02,Ok,,,,,
44,25354,E8B26EBFF0,2510V1.2,15/07/2026,11:11:12,Ok,,,,,
45,25354,EB97254629,2510V1.2,15/07/2026,11:14:42,Ok,,,,,
46,25354,39556ACFF0,2510V1.2,15/07/2026,11:17:41,Ok,,,,,
47,25354,E117354CF2,2510V1.2,15/07/2026,11:21:53,Ok,,,,,
48,25354,BF8E183BF1,2510V1.2,15/07/2026,11:25:29,Ok,,,,,
49,25354,31C9A655F5,2510V1.2,15/07/2026,11:29:02,Ok,,,,,
50,25354,0D2CABD3F0,2510V1.2,15/07/2026,11:31:57,Ok,,,,,
51,25354,AC5958CFF1,2510V1.2,15/07/2026,11:35:27,Ok,,,,,
52,25354,31C6149628,2510V1.2,15/07/2026,11:38:17,Ok,,,,,
53,25354,D77D9A03F1,2510V1.2,15/07/2026,11:41:11,Ok,,,,,
54,25354,8A26A9AF14,2510V1.2,15/07/2026,11:44:02,Ok,,,,,
55,25354,F791C5FEF1,2510V1.2,15/07/2026,11:46:54,Ok,,,,,
56,25354,C731169AF1,2510V1.2,15/07/2026,11:53:11,Ok,,,,,
57,25354,6D4C57B228,2510V1.2,15/07/2026,11:56:28,Ok,,,,,
58,25354,CF1CEF57F0,2510V1.2,15/07/2026,11:59:27,Ok,,,,,
59,25354,FAC14E30F3,2510V1.2,15/07/2026,12:02:21,Ok,,,,,
60,25354,F0D31BEBF1,2510V1.2,15/07/2026,12:05:17,Ok,,,,,
61,25354,A7EF6D6FF0,2510V1.2,15/07/2026,12:08:08,Ok,,,,,
62,25354,BE2A7840F2,2510V1.2,15/07/2026,12:11:10,Ok,,,,,
63,25354,BE5F68B314,2510V1.2,15/07/2026,12:14:08,Ok,,,,,
64,25354,9396AC73F0,2510V1.2,15/07/2026,12:27:50,Repaired,Defected_was_on_2026-07-15_12:15:55,,,,
65,25354,9C9BB267F3,2510V1.2,15/07/2026,12:19:07,Ok,,,,,
66,25354,9B05D22A28,2510V1.2,15/07/2026,12:22:05,Ok,,,,,
67,25354,FB652E4BF0,2510V1.2,15/07/2026,12:25:02,Ok,,,,,
68,25354,4AE2D65A28,2510V1.2,15/07/2026,12:31:02,Ok,,,,,
69,25354,5735466A15,2510V1.2,15/07/2026,12:34:03,Ok,,,,,
70,25354,BB35338FF3,2510V1.2,15/07/2026,12:36:58,Ok,,,,,
71,25354,1.67E+34,2510V1.2,15/07/2026,12:39:52,Ok,,,,,
72,25354,44AED266FE,2510V1.2,15/07/2026,12:45:22,Repaired,Defected_was_on_2026-07-15_12:42:01,,,,
74,25354,F84065B229,2510V1.2,15/07/2026,12:59:12,Ok,,,,,
74,25354,E09F9772F1,2510V1.2,15/07/2026,13:02:43,Ok,,,,,
75,25354,CC8891F92D,2510V1.2,15/07/2026,13:05:37,Ok,,,,,
76,25354,DFEEE45A29,2510V1.2,15/07/2026,13:08:26,Ok,,,,,
77,25354,F468305FF3,2510V1.2,15/07/2026,13:11:35,Ok,,,,,
78,25354,BDB1B42DF2,2510V1.2,15/07/2026,13:14:26,Ok,,,,,
79,25354,9984F9A8F2,2510V1.2,15/07/2026,13:20:14,Ok,,,,,
80,25354,232771C8F2,2510V1.2,15/07/2026,13:23:23,Ok,,,,,
81,25354,4D7CB617F3,2510V1.2,15/07/2026,13:26:21,Ok,,,,,
82,25354,2C1184A615,2510V1.2,15/07/2026,13:29:37,Ok,,,,,
83,25354,2614F842F3,2510V1.2,15/07/2026,13:32:33,Ok,,,,,
84,25354,57799292FE,2510V1.2,15/07/2026,13:35:27,Ok,,,,,
85,25354,B7AC53352D,2510V1.2,15/07/2026,14:05:00,Ok,,,,,
86,25354,A47B13C12D,2510V1.2,15/07/2026,14:10:52,Ok,,,,,
87,25354,54E25EFFFE,2510V1.2,15/07/2026,14:14:54,Ok,,,,,
88,25354,47351E0BFE,2510V1.2,15/07/2026,14:18:29,Ok,,,,,
89,25354,AF7C133628,2510V1.2,15/07/2026,14:22:32,Ok,,,,,
90,25354,B7A3E1F6F0,2510V1.2,15/07/2026,14:28:42,Ok,,,,,
91,25354,B4382D9BF0,2510V1.2,15/07/2026,14:32:09,Ok,,,,,
92,25354,A4CA269629,2510V1.2,15/07/2026,14:35:42,Ok,,,,,
93,25354,9232CC08F3,2510V1.2,15/07/2026,14:40:47,Ok,,,,,
94,25354,221EE6A1F5,2510V1.2,15/07/2026,14:44:34,Ok,,,,,
95,25354,AD88284714,2510V1.2,15/07/2026,14:59:57,Ok,,,,,
96,505300,00BE000000,2510V1.2,16/07/2026,08:15:53,Defected,,,,,
97,FD00FF,0,2510V1.2,16/07/2026,08:18:37,Defected,,,,,
98,FD0000,0,2510V1.2,17/07/2026,07:49:22,Defected,,,,,
99,25354,D4E6566EF1,2510V1.2,17/07/2026,10:01:52,Ok,,,,,
100,25354,30F0313CF2,2510V1.2,17/07/2026,10:13:00,Ok,,,,,
101,25354,1BBF5D2FFE,2510V1.2,17/07/2026,10:17:58,Ok,,,,,
102,505300,00F4000000,2510V1.2,18/07/2026,09:26:48,Defected,,,,,
103,25354,DB55CFEE2B,2510V1.2,30/07/2026,15:18:17,Ok,,,,,
104,25354,C2DE21482B,2510V1.2,31/07/2026,07:52:26,Repaired,Defected_was_on_2026-07-31_06:13:53,,,,
105,25354,4B084DA829,2510V1.2,31/07/2026,07:59:49,Ok,,,,,
106,25354,2AB9C14114,2510V1.2,31/07/2026,08:13:48,Ok,,,,,
107,25354,EF2C0EF22B,2510V1.2,31/07/2026,08:21:14,Ok,,,,,
108,25354,5B0A3AB82B,2510V1.2,31/07/2026,08:27:06,Ok,,,,,
109,25354,A0710D222B,2510V1.2,04/08/2026,12:53:41,Repaired,Defected_was_on_2026-07-31_08:34:07,,,,
110,25354,17820E8C29,2510V1.2,04/08/2026,11:51:44,Repaired,Defected_was_on_2026-07-31_08:46:16,,,,
111,25354,C93E749D11,2510V1.2,31/07/2026,08:50:29,Ok,,,,,
112,25354,92AD146B1E,2510V1.2,31/07/2026,08:52:23,Ok,,,,,
113,25354,CECD9FDF15,2510V1.2,31/07/2026,09:03:54,Ok,,,,,
114,25354,2CF6D1842A,2510V1.2,31/07/2026,09:08:11,Ok,,,,,
115,25354,4F4CA8C22D,2510V1.2,31/07/2026,09:17:03,Ok,,,,,
116,25354,CE27574F1E,2510V1.2,31/07/2026,09:21:23,Ok,,,,,
117,25354,5C9BE8362D,2510V1.2,31/07/2026,09:31:56,Ok,,,,,
118,25354,57D213482A,2510V1.2,31/07/2026,09:40:34,Ok,,,,,
119,25354,87DF8CCA2B,2510V1.2,31/07/2026,09:45:08,Ok,,,,,
120,25354,9FBEF99E2A,2510V1.2,31/07/2026,09:49:41,Ok,,,,,
121,25354,5D1CF8CBF3,2510V1.2,31/07/2026,10:10:08,Ok,,,,,
122,25354,5D8EBD1A2A,2510V1.2,31/07/2026,10:14:21,Ok,,,,,
123,25354,7CA4BB502B,2510V1.2,31/07/2026,10:12:16,Ok,,,,,
124,25354,4ECBB83FF3,2510V1.2,04/08/2026,11:45:00,Repaired,Defected_was_on_2026-07-31_10:17:48,,,,
125,25354,F72F426A28,2510V1.2,31/07/2026,10:35:35,Ok,,,,,
126,25354,45EFC84E2B,2510V1.2,31/07/2026,10:40:13,Ok,,,,,
127,25354,32ADA4E6F3,2510V1.2,03/08/2026,06:51:58,Ok,,,,,
128,25354,C8828F1A2B,2510V1.2,03/08/2026,06:56:51,Ok,,,,,
129,25354,817A549F1E,2510V1.2,03/08/2026,07:02:35,Ok,,,,,
130,25354,C0CD4F1B28,2510V1.2,03/08/2026,07:06:35,Ok,,,,,
131,25354,34C1C4A510,2510V1.2,03/08/2026,07:11:59,Ok,,,,,
133,25354,8C69B96A2A,2510V1.2,03/08/2026,07:27:06,Defected,,,,,
133,25354,4E59FDEE2A,2510V1.2,03/08/2026,07:31:07,Ok,,,,,
134,25354,B8823DA7F3,2510V1.2,03/08/2026,07:36:20,Ok,,,,,
135,25354,F9A763F21C,2510V1.2,03/08/2026,07:42:38,Ok,,,,,
137,25354,8D5F9CC0F0,2510V1.2,03/08/2026,07:56:16,Ok,,,,,
137,25354,9F2CBC4FF3,2510V1.2,03/08/2026,08:03:50,Ok,,,,,
138,25354,8CFBFCBBF3,2510V1.2,03/08/2026,08:10:14,Ok,,,,,
139,25354,19658B6A2B,2510V1.2,03/08/2026,08:15:43,Ok,,,,,
140,25354,7A203CF22A,2510V1.2,03/08/2026,08:19:52,Ok,,,,,
141,25354,D31A0FEF28,2510V1.2,06/08/2026,10:32:16,Repaired,Defected_was_on_2026-08-03_08:28:26,,,,
142,25354,357D3F222A,2510V1.2,03/08/2026,08:34:01,Ok,,,,,
143,25354,22E1287FF3,2510V1.2,03/08/2026,08:54:11,Ok,,,,,
144,25354,FA3CAF9F1C,2510V1.2,03/08/2026,09:15:19,Ok,,,,,
145,25354,0AB2CB9E2B,2510V1.2,03/08/2026,09:20:19,Ok,,,,,
146,25354,69F77C062A,2510V1.2,03/08/2026,09:29:13,Ok,,,,,
147,25354,696539D7F3,2510V1.2,03/08/2026,09:34:58,Ok,,,,,
148,25354,9E88DC34F0,2510V1.2,03/08/2026,09:49:20,Ok,,,,,
149,25354,6F73FBA42B,2510V1.2,03/08/2026,09:54:56,Ok,,,,,
150,25354,0032DB94F0,2510V1.2,03/08/2026,10:00:00,Ok,,,,,
151,25354,86E9A960F1,2510V1.2,03/08/2026,10:06:20,Ok,,,,,
152,25354,7AB27923F3,2510V1.2,03/08/2026,10:11:45,Ok,,,,,
153,25354,06D465FAF3,2510V1.2,03/08/2026,10:16:34,Ok,,,,,
154,25354,4FB3661C2B,2510V1.2,03/08/2026,10:22:30,Ok,,,,,
155,25354,C356837628,2510V1.2,03/08/2026,10:28:59,Ok,,,,,
156,25354,536938FC28,2510V1.2,03/08/2026,10:34:53,Ok,,,,,
157,25354,64E491F31E,2510V1.2,03/08/2026,10:49:33,Ok,,,,,
158,25354,E570A0A02B,2510V1.2,03/08/2026,10:55:06,Ok,,,,,
159,25354,26AA7FD62A,2510V1.2,03/08/2026,11:12:22,Ok,,,,,
160,25354,18D970ED11,2510V1.2,03/08/2026,11:24:27,Ok,,,,,
161,25354,B03D81BB2B,2510V1.2,03/08/2026,11:38:44,Ok,,,,,
162,25354,D1D5DFE4F0,2510V1.2,03/08/2026,11:45:46,Ok,,,,,
163,25354,91597C7828,2510V1.2,03/08/2026,11:51:43,Ok,,,,,
164,25354,2C9B5A8BF5,2510V1.2,03/08/2026,11:59:30,Ok,,,,,
165,25354,5F00245B2D,2510V1.2,03/08/2026,12:41:43,Ok,,,,,
166,25354,CDB106902A,2510V1.2,03/08/2026,12:47:41,Ok,,,,,
167,25354,B9265DDCF0,2510V1.2,03/08/2026,12:56:53,Ok,,,,,
168,25354,AB557D53F3,2510V1.2,03/08/2026,13:03:32,Ok,,,,,
169,25354,63776C0CF1,2510V1.2,03/08/2026,13:13:36,Ok,,,,,
170,25354,3CD7D612F5,2510V1.2,03/08/2026,13:20:04,Ok,,,,,
171,25354,160731001E,2510V1.2,03/08/2026,13:28:18,Ok,,,,,
172,25354,F7DF3E77F3,2510V1.2,03/08/2026,13:35:30,Ok,,,,,
173,25354,375A08C810,2510V1.2,03/08/2026,13:43:29,Ok,,,,,
174,25354,133925382B,2510V1.2,03/08/2026,13:50:40,Ok,,,,,
175,25354,159CFD6D1E,2510V1.2,03/08/2026,13:59:29,Ok,,,,,
176,25354,509D50EF1E,2510V1.2,03/08/2026,14:05:01,Ok,,,,,
177,25354,EE90F57511,2510V1.2,03/08/2026,14:11:43,Ok,,,,,
178,25354,40BE780828,2510V1.2,03/08/2026,14:17:29,Ok,,,,,
179,25354,B50395831E,2510V1.2,03/08/2026,14:22:29,Ok,,,,,
180,25354,7733D1071E,2510V1.2,03/08/2026,14:28:08,Ok,,,,,
181,25354,DA63EA44F1,2510V1.2,03/08/2026,14:36:31,Ok,,,,,
182,25354,7BCAA7002B,2510V1.2,03/08/2026,14:41:57,Ok,,,,,
183,25354,AAF11D28F0,2510V1.2,03/08/2026,14:48:06,Ok,,,,,
184,25354,218A980F28,2510V1.2,03/08/2026,14:55:42,Ok,,,,,
185,25354,95E257CC2A,2510V1.2,03/08/2026,15:00:06,Ok,,,,,
186,25354,CA2F66DDF1,2510V1.2,03/08/2026,15:05:14,Ok,,,,,
187,25354,15F3591328,2510V1.2,03/08/2026,15:09:41,Ok,,,,,
188,25354,681DE7F42B,2510V1.2,03/08/2026,15:14:29,Ok,,,,,
189,25354,2740E4242B,2510V1.2,03/08/2026,15:18:52,Ok,,,,,
190,25354,844440A72B,2510V1.2,03/08/2026,16:06:00,Ok,,,,,
191,25354,05D071F41E,2510V1.2,04/08/2026,06:20:17,Ok,,,,,
192,25354,064BBD991E,2510V1.2,04/08/2026,06:32:26,Ok,,,,,
193,25354,C288413D10,2510V1.2,04/08/2026,06:37:48,Ok,,,,,
194,25354,AA2DA3702B,2510V1.2,04/08/2026,09:22:17,Repaired,Defected_was_on_2026-08-04_06:52:19,,,,
195,25354,00EE65CC2B,2510V1.2,04/08/2026,07:00:26,Ok,,,,,
196,25354,B5E95D1315,2510V1.2,04/08/2026,07:27:50,Ok,,,,,
197,25354,E9E672D928,2510V1.2,04/08/2026,07:34:14,Ok,,,,,
198,25354,F9AAFE4028,2510V1.2,04/08/2026,07:47:45,Ok,,,,,
199,25354,C7970AF211,2510V1.2,04/08/2026,07:53:07,Ok,,,,,
200,25354,988685BB11,2510V1.2,04/08/2026,08:00:44,Ok,,,,,
201,25354,CDD33F5C28,2510V1.2,04/08/2026,08:16:55,Ok,,,,,
202,25354,05BFD58A28,2510V1.2,04/08/2026,08:23:27,Ok,,,,,
203,25354,34686A0E2D,2510V1.2,04/08/2026,08:31:03,Ok,,,,,
204,25354,68E2292A2D,2510V1.2,04/08/2026,08:37:19,Ok,,,,,
205,25354,302C8F6429,2510V1.2,04/08/2026,08:42:58,Ok,,,,,
206,25354,B24CD6242A,2510V1.2,04/08/2026,08:55:14,Ok,,,,,
207,25354,13E59B60F0,2510V1.2,04/08/2026,09:01:07,Ok,,,,,
208,25354,B6F7FD9028,2510V1.2,04/08/2026,09:09:27,Ok,,,,,
209,25354,A6D4D5771E,2510V1.2,04/08/2026,09:16:02,Ok,,,,,
210,25354,DE6646642A,2510V1.2,04/08/2026,09:28:07,Ok,,,,,
211,25354,FD47B58111,2510V1.2,04/08/2026,09:32:43,Ok,,,,,
212,25354,434A101B1E,2510V1.2,06/08/2026,11:40:38,Repaired,Defected_was_on_2026-08-04_09:37:01,,,,
213,25354,707C92A02A,2510V1.2,04/08/2026,09:42:31,Ok,,,,,
214,25354,424A437914,2510V1.2,04/08/2026,09:47:39,Ok,,,,,
215,25354,10F4892010,2510V1.2,04/08/2026,09:52:34,Ok,,,,,
216,25354,C96814E82A,2510V1.2,04/08/2026,09:58:16,Ok,,,,,
217,25354,D10961BC2B,2510V1.2,04/08/2026,10:03:53,Ok,,,,,
218,25354,B3A64DD62B,2510V1.2,04/08/2026,10:08:18,Ok,,,,,
219,25354,0323C9D410,2510V1.2,04/08/2026,10:13:08,Ok,,,,,
220,25354,23FBCF9029,2510V1.2,04/08/2026,10:20:54,Ok,,,,,
221,25354,B81078762A,2510V1.2,04/08/2026,10:29:59,Ok,,,,,
222,25354,F6A7E0542B,2510V1.2,04/08/2026,10:37:07,Ok,,,,,
223,25354,2D1C4A762B,2510V1.2,04/08/2026,10:49:13,Ok,,,,,
224,25354,7633826514,2510V1.2,04/08/2026,10:54:15,Ok,,,,,
225,25354,08C39C012A,2510V1.2,04/08/2026,11:11:03,Ok,,,,,
226,25354,7B3569DE2D,2510V1.2,04/08/2026,11:16:21,Ok,,,,,
228,25354,979300532B,2510V1.2,04/08/2026,11:35:37,Ok,,,,,
228,25354,6FCD7C30F2,2510V1.2,04/08/2026,11:58:13,Ok,,,,,
229,25354,519D038D14,2510V1.2,04/08/2026,12:42:38,Ok,,,,,
230,25354,3ECB0A822B,2510V1.2,04/08/2026,12:47:56,Ok,,,,,
231,25354,14E9BEFCF2,2510V1.2,04/08/2026,12:59:04,Ok,,,,,
232,25354,8C69B96A2A,2510V1.2,05/08/2026,09:48:38,Repaired,Defected_was_on_2026-08-04_12:57:18,,,,
233,25354,217AE412F3,2510V1.2,04/08/2026,13:07:46,Ok,,,,,
234,25354,9408CC3E2B,2510V1.2,04/08/2026,13:14:47,Ok,,,,,
235,25354,2BB992231E,2510V1.2,04/08/2026,13:22:37,Ok,,,,,
236,25354,32327C851E,2510V1.2,04/08/2026,13:29:00,Ok,,,,,
237,25354,5C6426E82B,2510V1.2,04/08/2026,13:33:52,Ok,,,,,
238,25354,EA7DBEB428,2510V1.2,04/08/2026,13:40:57,Ok,,,,,
239,25354,DAE9346911,2510V1.2,04/08/2026,13:47:11,Ok,,,,,
240,25354,062419E728,2510V1.2,04/08/2026,13:49:25,Ok,,,,,
241,25354,F4B48E0728,2510V1.2,06/08/2026,12:05:26,Repaired,Defected_was_on_2026-08-04_13:53:07,,,,
242,25354,3136688BF3,2510V1.2,04/08/2026,13:57:03,Ok,,,,,
243,25354,DABF541C2A,2510V1.2,04/08/2026,14:01:26,Ok,,,,,
244,25354,ABC738822A,2510V1.2,04/08/2026,14:08:48,Ok,,,,,
245,25354,3B9ABAC428,2510V1.2,04/08/2026,14:13:16,Ok,,,,,
246,25354,E4F8029E28,2510V1.2,06/08/2026,11:44:37,Repaired,Defected_was_on_2026-08-04_14:16:34,,,,
247,25354,40C4DA3813,2510V1.2,04/08/2026,14:20:06,Ok,,,,,
248,25354,ACFF44A711,2510V1.2,04/08/2026,14:27:09,Ok,,,,,
249,25354,3497A4D02B,2510V1.2,04/08/2026,14:31:41,Ok,,,,,
250,25354,828E3C8C28,2510V1.2,04/08/2026,14:33:01,Ok,,,,,
251,25354,0B0E301911,2510V1.2,04/08/2026,14:37:44,Ok,,,,,
252,25354,863517382A,2510V1.2,06/08/2026,13:46:04,Repaired,Defected_was_on_2026-08-04_14:54:50,,,,
254,25354,C9B4AAB0F1,2510V1.2,04/08/2026,15:03:02,Ok,,,,,
254,25354,325DD8FB28,2510V1.2,04/08/2026,15:15:25,Ok,,,,,
255,25354,BF28045311,2510V1.2,05/08/2026,08:37:20,Ok,,,,,
256,25354,63ABD2542A,2510V1.2,05/08/2026,08:54:08,Ok,,,,,
257,25354,88CA092211,2510V1.2,05/08/2026,09:11:40,Ok,,,,,
258,25354,04554E7829,2510V1.2,05/08/2026,09:20:37,Ok,,,,,
259,25354,27BF2AFA2D,2510V1.2,05/08/2026,09:25:18,Ok,,,,,
260,25354,9B1D49D611,2510V1.2,05/08/2026,09:29:58,Ok,,,,,
261,25354,C2029F10F0,2510V1.2,05/08/2026,09:34:24,Ok,,,,,
262,25354,344B1A88F0,2510V1.2,05/08/2026,09:38:50,Ok,,,,,
263,25354,979300532B,2510V1.2,05/08/2026,09:43:06,Defected (TempSensor_IC-DisChargeTest:255),,,,,
264,25354,FCFB4E062B,2510V1.2,05/08/2026,09:53:36,Ok,,,,,
265,25354,8B51C54F11,2510V1.2,05/08/2026,09:58:12,Ok,,,,,
266,25354,BCB3C83E11,2510V1.2,05/08/2026,10:02:50,Ok,,,,,
267,25354,A19B96D02A,2510V1.2,05/08/2026,10:07:11,Ok,,,,,
268,25354,B9AC83F110,2510V1.2,05/08/2026,10:12:07,Ok,,,,,
269,25354,E9EBEF6B1C,2510V1.2,05/08/2026,10:16:04,Defected (TempSensor_IC-DisChargeTest:255),,,,,
270,25354,AA7BC30510,2510V1.2,05/08/2026,10:21:18,Ok,,,,,
271,25354,DD922E771C,2510V1.2,05/08/2026,10:25:34,Defected (TempSensor_IC-DisChargeTest:255),,,,,
272,25354,6B79E5472D,2510V1.2,05/08/2026,10:31:15,Ok,,,,,
273,25354,7B9CC77510,2510V1.2,05/08/2026,10:41:56,Ok,,,,,
274,25354,626016511F,2510V1.2,05/08/2026,11:00:20,Ok,,,,,
275,25354,8DD542ED10,2510V1.2,05/08/2026,11:05:18,Ok,,,,,
276,25354,5619D74D1F,2510V1.2,06/08/2026,14:24:35,Defected,Unknown_was_on_2026-08-05_11:10:27,,,,
277,25354,61FBDA3C1F,2510V1.2,05/08/2026,11:16:31,Defected (TempSensor_IC-DisChargeTest:255),,,,,
278,25354,D9F82629F1,2510V1.2,05/08/2026,11:22:05,Ok,,,,,
279,25354,3D7199181F,2510V1.2,05/08/2026,11:33:11,Ok,,,,,
280,25354,8BB922AEF3,2510V1.2,05/08/2026,11:38:20,Ok,,,,,
281,25354,A378849EF2,2510V1.2,05/08/2026,11:41:25,Defected (StopByUser-ChargeTest:1),,,,,
282,25354,B3340807F2,2510V1.2,05/08/2026,11:52:45,Ok,,,,,
283,25354,684B878110,2510V1.2,05/08/2026,12:50:03,Ok,,,,,
284,25354,1A40C093F2,2510V1.2,05/08/2026,12:54:50,Ok,,,,,
285,25354,5A67E2D5FE,2510V1.2,05/08/2026,13:05:02,Ok,,,,,
286,25354,4A2B6E4CFE,2510V1.2,05/08/2026,13:08:08,Defected (StopByUser-ChargeTest:1),,,,,
287,25354,2E39018FF2,2510V1.2,05/08/2026,13:15:57,Ok,,,,,
288,25354,3DEE417BF2,2510V1.2,05/08/2026,13:22:57,Ok,,,,,
289,25354,49B0A221FE,2510V1.2,05/08/2026,13:28:06,Ok,,,,,
290,25354,2F0096E6F5,2510V1.2,05/08/2026,13:32:32,Ok,,,,,
291,25354,78AEA5B32D,2510V1.2,05/08/2026,13:38:27,Ok,,,,,
293,25354,09978067F2,2510V1.2,05/08/2026,13:51:23,Ok,,,,,
293,25354,16A12D68FE,2510V1.2,05/08/2026,13:54:47,Defected (StopByUser-ChargeTest:1),,,,,
294,25354,7E52AF50FE,2510V1.2,05/08/2026,13:59:04,Ok,,,,,
295,25354,59FC2EB8FE,2510V1.2,05/08/2026,14:05:43,Ok,,,,,
296,25354,3F77F10511,2510V1.2,05/08/2026,14:19:41,Ok,,,,,
297,25354,B01CDE4C1F,2510V1.2,05/08/2026,14:25:17,Ok,,,,,
298,25354,090858041F,2510V1.2,05/08/2026,14:35:32,Ok,,,,,
299,25354,B290687CF1,2510V1.2,06/08/2026,10:21:49,Repaired,Unknown_was_on_2026-08-05_14:41:25,Defected_was_on_2026-08-05_15:13:09,,,
300,25354,837C3C8210,2510V1.2,05/08/2026,14:49:51,Ok,,,,,
301,25354,EC969D681F,2510V1.2,05/08/2026,14:53:45,Defected (StopByUser-ChargeTest:1),,,,,
302,25354,1ADF18F01F,2510V1.2,05/08/2026,14:58:00,Ok,,,,,
303,25354,90AB7C7610,2510V1.2,05/08/2026,15:03:58,Ok,,,,,
304,25354,55821B201F,2510V1.2,05/08/2026,15:09:09,Ok,,,,,
305,25354,FDCD6BACF1,2510V1.2,10/08/2026,07:44:33,Repaired,Unknown_was_on_2026-08-05_15:22:55,Defected_was_on_2026-08-06_10:46:33,,,
306,25354,FF41DD9C1F,2510V1.2,06/08/2026,06:14:32,Ok,,,,,
307,25354,AF6488CA11,2510V1.2,06/08/2026,06:18:35,Ok,,,,,
308,25354,CB381C801F,2510V1.2,06/08/2026,06:23:15,Ok,,,,,
309,25354,A4D2BD6A10,2510V1.2,06/08/2026,06:28:08,Ok,,,,,
310,25354,45CE97B91F,2510V1.2,06/08/2026,06:32:48,Defected (StopByUser-DisChargeTest:4),,,,,
311,25354,722C9AC81F,2510V1.2,06/08/2026,06:37:14,Ok,,,,,
312,25354,D8EF5C741F,2510V1.2,06/08/2026,06:41:56,Ok,,,,,
313,25354,2EA6D9EC1F,2510V1.2,06/08/2026,06:46:22,Ok,,,,,
314,25354,B705FD9E10,2510V1.2,06/08/2026,06:50:55,Ok,,,,,
315,25354,F67B5E0CF0,2510V1.2,06/08/2026,06:55:26,Ok,,,,,
316,25354,136F454D10,2510V1.2,06/08/2026,07:00:18,Ok,,,,,
317,25354,E5AC1EF8F0,2510V1.2,06/08/2026,07:04:48,Ok,,,,,
318,25354,2716845110,2510V1.2,06/08/2026,07:09:36,Defected (TempSensor_IC-DisChargeTest:255),,,,,
319,25354,3F2191702A,2510V1.2,06/08/2026,07:24:35,Ok,,,,,
320,25354,FFDE05FFF2,2510V1.2,06/08/2026,07:32:38,Ok,,,,,
321,25354,BABD91B1F0,2510V1.2,06/08/2026,07:35:35,Defected (StopByUser-ChargeTest:1),,,,,
322,25354,188F10982A,2510V1.2,06/08/2026,07:41:06,Ok,,,,,
323,25354,EE1A2B58F1,2510V1.2,06/08/2026,07:55:36,Defected (TempSensor_IC-DisChargeTest:255),,,,,
324,25354,570EAD10F1,2510V1.2,06/08/2026,07:59:03,Defected (TempSensor_IC-DisChargeTest:255),,,,,
325,25354,EC09450BF2,2510V1.2,25/08/2026,17:11:26,Repaired,Unknown_was_on_2026-08-06_08:08:49,Defected_was_on_2026-08-06_11:06:55,,,
326,25354,D8708417F2,2510V1.2,06/08/2026,08:16:40,Ok,,,,,
327,25354,9E02021910,2510V1.2,06/08/2026,08:20:42,Ok,,,,,
328,25354,A1472888F1,2510V1.2,06/08/2026,08:24:45,Ok,,,,,
329,25354,84FAC733F2,2510V1.2,06/08/2026,08:27:57,Defected (StopByUser-ChargeTest:1),,,,,
330,25354,65E4C29114,2510V1.2,06/08/2026,08:34:15,Ok,,,,,
331,25354,6D85EFA4FE,2510V1.2,06/08/2026,08:38:20,Ok,,,,,
332,25354,08AE170EF5,2510V1.2,06/08/2026,08:43:41,Defected (VCapShutDownOutOfRange-DisChargeTest:4),,,,,
333,25354,05766D9CFE,2510V1.2,06/08/2026,08:47:33,Ok,,,,,
334,25354,0B58506C2A,2510V1.2,06/08/2026,08:53:42,Ok,,,,,
335,25354,53139ACC13,2510V1.2,06/08/2026,09:32:57,Ok,,,,,
336,25354,953EE994F1,2510V1.2,06/08/2026,12:48:54,Repaired,Unknown_was_on_2026-08-06_09:35:28,Defected_was_on_2026-08-06_12:44:32,,,
337,25354,CBA7C4E3F2,2510V1.2,06/08/2026,14:38:31,Repaired,Unknown_was_on_2026-08-06_09:39:21,Defected_was_on_2026-08-06_10:43:35,,,
338,25354,7DC9633DFE,2510V1.2,06/08/2026,09:41:17,Defected (StopByUser-ChargeTest:1),,,,,
339,25354,A0E348F3F2,2510V1.2,06/08/2026,09:46:08,Ok,,,,,
340,25354,97014582F2,2510V1.2,06/08/2026,09:55:11,Ok,,,,,
341,25354,B0AFC46AF2,2510V1.2,06/08/2026,09:57:50,Defected (StopByUser-ChargeTest:1),,,,,
342,25354,6591D262F2,2510V1.2,06/08/2026,10:36:30,Ok,,,,,
343,25354,B21AB65111,2510V1.2,06/08/2026,11:03:25,Ok,,,,,
344,25354,DD1ADF2B15,2510V1.2,06/08/2026,11:14:12,Defected (TempSensor_IC-DisChargeTest:255),,,,,
345,25354,A520BD6428,2510V1.2,06/08/2026,11:19:36,Ok,,,,,
346,25354,C9B4AAB0F1,2510V1.2,06/08/2026,11:23:54,Ok,,,,,
347,25354,DE047FA828,2510V1.2,06/08/2026,11:27:21,Ok,,,,,
348,25354,00B805B910,2510V1.2,06/08/2026,11:54:52,Ok,,,,,
349,25354,31A9B0E81E,2510V1.2,06/08/2026,12:39:01,Ok,,,,,
350,25354,279C5A7CF0,2510V1.2,06/08/2026,12:57:23,Ok,,,,,
351,25354,71B756A51F,2510V1.2,06/08/2026,14:27:49,Defected (waitToOutSwOff-WaitToOutSWOffTest:4),,,,,
352,25354,74C7B91428,2510V1.2,06/08/2026,14:41:37,Ok,,,,,
353,25354,6710F9E028,2510V1.2,10/08/2026,07:40:31,Repaired,Unknown_was_on_2026-08-06_14:52:19,Defected_was_on_2026-08-06_15:08:46,,,
354,25354,7CDE196010,2510V1.2,24/08/2026,14:11:44,Defected (ChargeDuration-ChargeTest:1),,,,,
355,25354,25E2BF202C,2510V1.2,24/08/2026,14:13:44,Defected (StopByUser-ChargeTest:1),,,,,
356,25354,70710F121E,2510V1.2,24/08/2026,14:22:23,Defected (StopByUser-ChargeTest:1),,,,,
357,25354,3635FFD42C,2510V1.2,24/08/2026,14:28:14,Defected (ChargeDuration-ChargeTest:1),,,,,
358,25354,2BE26FE411,2510V1.2,24/08/2026,14:34:13,Defected (ChargeDuration-ChargeTest:1),,,,,
359,25354,B05FB87729,2510V1.2,24/08/2026,14:36:52,Defected (ChargeDuration-ChargeTest:1),,,,,
360,25354,4408CE0E1E,2510V1.2,24/08/2026,14:38:53,Defected (ChargeDuration-ChargeTest:1),,,,,
362,25354,38352F1011,2510V1.2,24/08/2026,14:59:39,Defected (StopByUser-WaitToOutSWOffTest:2),,,,,
362,25354,557FFA8FF0,2510V1.2,24/08/2026,15:07:59,Ok,,,,,
363,25354,8891F4E51E,2510V1.2,24/08/2026,15:10:46,Defected (ChargeDuration-ChargeTest:1),,,,,
364,25354,6D780E0B11,2510V1.2,24/08/2026,15:13:41,Ok,,,,,
365,25354,C221EF962D,2510V1.2,24/08/2026,15:52:45,Defected (TempSensor_IC-DisChargeTest:4),,,,,
366,25354,63A64FE61E,2510V1.2,24/08/2026,15:54:55,Defected (ChargeDuration-ChargeTest:1),,,,,
367,25354,6F09599410,2510V1.2,24/08/2026,15:56:52,Defected (ChargeDuration-ChargeTest:1),,,,,
368,25354,5B70988810,2510V1.2,24/08/2026,15:58:54,Defected (ChargeDuration-ChargeTest:1),,,,,
369,25354,FA056B9411,2510V1.2,24/08/2026,16:03:03,Ok,,,,,
370,25354,43B843772C,2510V1.2,24/08/2026,16:18:44,Ok,,,,,
371,25354,86388A8A1E,2510V1.2,25/08/2026,13:43:13,Repaired,Unknown_was_on_2026-08-24_16:24:27,Defected_was_on_2026-08-24_16:36:28,,,
372,25354,EFF0B0AAF0,2510V1.2,24/08/2026,16:29:02,Ok,,,,,
373,25354,46A8BA7BF0,2510V1.2,24/08/2026,16:32:16,Ok,,,,,
374,25354,9054B2A816,2510V1.2,24/08/2026,16:34:15,Defected (ChargeDuration-ChargeTest:1),,,,,
375,25354,7D34829211,2510V1.2,24/08/2026,16:38:36,Defected (ChargeDuration-ChargeTest:1),,,,,
376,25354,E9D22B6011,2510V1.2,24/08/2026,16:42:11,Ok,,,,,
377,25354,494D438E11,2510V1.2,24/08/2026,16:59:20,Ok,,,,,
378,25354,5A9A037A11,2510V1.2,24/08/2026,17:02:31,Ok,,,,,
379,25354,8383F25C16,2510V1.2,24/08/2026,17:04:27,Defected (ChargeDuration-ChargeTest:1),,,,,
380,25354,3269814211,2510V1.2,24/08/2026,17:06:23,Defected (ChargeDuration-ChargeTest:1),,,,,
381,25354,21BEC1B611,2510V1.2,24/08/2026,17:08:32,Defected (ChargeDuration-ChargeTest:1),,,,,
382,25354,9940DC0C10,2510V1.2,24/08/2026,17:10:29,Defected (ChargeDuration-ChargeTest:1),,,,,
383,25354,AD391D1010,2510V1.2,24/08/2026,17:12:27,Defected (ChargeDuration-ChargeTest:1),,,,,
384,25354,1F9BAEF811,2510V1.2,24/08/2026,17:14:27,Defected (ChargeDuration-ChargeTest:1),,,,,
385,25354,2FA68A8E15,2510V1.2,24/08/2026,17:16:31,Defected (ChargeDuration-ChargeTest:1),,,,,
386,25354,93991EB02D,2510V1.2,24/08/2026,17:43:29,Defected (ChargeDuration-ChargeTest:1),,,,,
387,25354,B558684411,2510V1.2,24/08/2026,17:46:44,Ok,,,,,
388,25354,317721C12C,2510V1.2,24/08/2026,17:51:12,Ok,,,,,
389,25354,82BA653511,2510V1.2,25/08/2026,12:57:58,Repaired,Unknown_was_on_2026-08-25_07:15:38,Defected_was_on_2026-08-25_12:37:08,,,
390,25354,384210921E,2510V1.2,25/08/2026,07:19:15,Ok,,,,,
391,25354,E8DFE5B02F,2510V1.2,25/08/2026,07:21:18,Defected (ChargeDuration-ChargeTest:1),,,,,
392,25354,A164580E2C,2510V1.2,25/08/2026,07:23:21,Defected (ChargeDuration-ChargeTest:1),,,,,
393,25354,A514E4DD11,2510V1.2,25/08/2026,07:25:24,Defected (ChargeDuration-ChargeTest:1),,,,,
394,25354,1071E5CE2D,2510V1.2,25/08/2026,07:27:16,Defected (ChargeDuration-ChargeTest:1),,,,,
395,25354,FB08A5442F,2510V1.2,25/08/2026,07:29:29,Defected (ChargeDuration-ChargeTest:1),,,,,
396,25354,03A6A53A2D,2510V1.2,25/08/2026,07:31:27,Defected (ChargeDuration-ChargeTest:1),,,,,
397,25354,D75EEA852C,2510V1.2,25/08/2026,07:33:50,Defected (ChargeDuration-ChargeTest:1),,,,,
398,25354,F6582E8A2D,2510V1.2,25/08/2026,16:13:09,Repaired,Unknown_was_on_2026-08-25_07:42:44,Defected_was_on_2026-08-25_13:45:22,,,
399,25354,8426796B29,2510V1.2,25/08/2026,08:00:49,Ok,,,,,
400,25354,DDE511F513,2510V1.2,25/08/2026,08:04:11,Ok,,,,,
401,25354,08080B6615,2510V1.2,25/08/2026,08:06:16,Defected (ChargeDuration-ChargeTest:1),,,,,
402,25354,916D25C111,2510V1.2,25/08/2026,08:09:26,Ok,,,,,
403,25354,A68F28B011,2510V1.2,25/08/2026,08:11:32,Defected (ChargeDuration-ChargeTest:1),,,,,
404,25354,9002D2DD2D,2510V1.2,25/08/2026,08:13:44,Defected (ChargeDuration-ChargeTest:1),,,,,
405,25354,92F6E9AC11,2510V1.2,25/08/2026,08:17:04,Defected (ChargeDuration-ChargeTest:1),,,,,
406,25354,F0173E4F13,2510V1.2,25/08/2026,08:19:24,Defected (VCapShutDownOutOfRange-DisChargeTest:4),,,,,
407,25354,44ACFD1717,2510V1.2,25/08/2026,08:21:36,Defected (ChargeDuration-ChargeTest:1),,,,,
408,25354,B4379F582D,2510V1.2,25/08/2026,08:23:37,Defected (ChargeDuration-ChargeTest:1),,,,,
409,25354,8121A95811,2510V1.2,25/08/2026,08:25:49,Defected (ChargeDuration-ChargeTest:1),,,,,
410,25354,BEEE5DE410,2510V1.2,25/08/2026,08:28:59,Ok,,,,,
411,25354,4AD68FE311,2510V1.2,25/08/2026,08:30:50,Defected (ChargeDuration-ChargeTest:1),,,,,
412,25354,43D5C878F3,2510V1.2,25/08/2026,08:34:01,Ok,,,,,
413,25354,2676C18EF1,2510V1.2,25/08/2026,08:37:02,Ok,,,,,
414,25354,77AC0964F3,2510V1.2,25/08/2026,08:38:55,Defected (ChargeDuration-ChargeTest:1),,,,,
415,25354,35A1817AF1,2510V1.2,25/08/2026,08:41:02,Defected (ChargeDuration-ChargeTest:1),,,,,
416,25354,2EFD242B10,2510V1.2,25/08/2026,08:44:14,Ok,,,,,
417,25354,3D2A64DF10,2510V1.2,25/08/2026,08:47:17,Ok,,,,,
418,25354,804E5E442D,2510V1.2,25/08/2026,08:49:09,Defected (ChargeDuration-ChargeTest:1),,,,,
419,25354,2C5F7F2F17,2510V1.2,25/08/2026,16:07:05,Repaired,Unknown_was_on_2026-08-25_08:51:31,Defected_was_on_2026-08-25_15:23:22,,,
420,25354,0953A5C310,2510V1.2,25/08/2026,08:53:49,Defected (ChargeDuration-ChargeTest:1),,,,,
421,25354,1A84E53710,2510V1.2,25/08/2026,08:57:03,Ok,,,,,
422,25354,AB1B86DAF1,2510V1.2,25/08/2026,09:01:43,Ok,,,,,
423,25354,120F0092F1,2510V1.2,25/08/2026,09:05:15,Ok,,,,,
424,25354,5D520342F1,2510V1.2,25/08/2026,09:07:38,Defected (ChargeDuration-ChargeTest:1),,,,,
425,25354,7AFC82AAF1,2510V1.2,25/08/2026,16:04:10,Repaired,Unknown_was_on_2026-08-25_09:09:44,Defected_was_on_2026-08-25_14:31:51,,,
426,25354,4E8543B6F1,2510V1.2,25/08/2026,09:11:43,Defected (ChargeDuration-ChargeTest:1),,,,,
427,25354,01D84066F1,2510V1.2,25/08/2026,09:14:51,Ok,,,,,
428,25354,101C6EC1F2,2510V1.2,25/08/2026,09:17:50,Ok,,,,,
429,25354,8247849AFE,2510V1.2,25/08/2026,09:20:53,Ok,,,,,
430,25354,692BC25EF1,2510V1.2,25/08/2026,16:09:59,Repaired,Unknown_was_on_2026-08-25_09:22:43,Defected_was_on_2026-08-25_14:26:09,,,
431,25354,363A4D17F1,2510V1.2,25/08/2026,09:25:55,Ok,,,,,
432,25354,F9634656FE,2510V1.2,25/08/2026,09:28:10,Defected (TempSensor_IC-DisChargeTest:4),,,,,
433,25354,647B4990F3,2510V1.2,25/08/2026,09:31:26,Ok,,,,,
434,25354,B5A589EBFE,2510V1.2,25/08/2026,09:46:50,Ok,,,,,
435,25354,B8CCC62EF1,2510V1.2,25/08/2026,09:50:46,Ok,,,,,
436,25354,8CB50732F1,2510V1.2,25/08/2026,09:54:21,Ok,,,,,
437,25354,920B0803FE,2510V1.2,25/08/2026,09:57:23,Ok,,,,,
438,25354,25ED0DE3F1,2510V1.2,25/08/2026,10:00:23,Ok,,,,,
439,25354,9190C46EFE,2510V1.2,25/08/2026,10:03:24,Ok,,,,,
440,25354,A672C91FFE,2510V1.2,25/08/2026,10:06:24,Ok,,,,,
441,25354,A5E90572FE,2510V1.2,25/08/2026,10:09:22,Ok,,,,,
442,25354,9F6247C6F1,2510V1.2,25/08/2026,10:12:24,Ok,,,,,
443,25354,B63E4586FE,2510V1.2,25/08/2026,10:14:11,Defected (ChargeDuration-ChargeTest:1),,,,,
444,25354,A897638815,2510V1.2,25/08/2026,17:03:15,Repaired,Unknown_was_on_2026-08-25_10:16:31,Defected_was_on_2026-08-25_16:01:01,,,
445,25354,04B21B5A16,2510V1.2,25/08/2026,10:19:13,Defected (TempSensor_IC-DisChargeTest:4),,,,,
446,25354,8CA22E0D15,2510V1.2,25/08/2026,10:22:38,Ok,,,,,
447,25354,9F756EF915,2510V1.2,25/08/2026,10:25:45,Ok,,,,,
448,25354,14FE97C316,2510V1.2,25/08/2026,10:28:45,Ok,,,,,
449,25354,17655BAE16,2510V1.2,25/08/2026,10:31:53,Ok,,,,,
450,25354,9CEEA29415,2510V1.2,25/08/2026,10:34:54,Ok,,,,,
451,25354,AB0CAFE515,2510V1.2,25/08/2026,10:37:53,Ok,,,,,
452,25354,30CBDA4616,2510V1.2,25/08/2026,10:41:07,Ok,,,,,
453,25354,1183E5C015,2510V1.2,25/08/2026,10:44:13,Ok,,,,,
454,25354,FAFAA54A17,2510V1.2,25/08/2026,10:58:11,Ok,,,,,
455,25354,8F39E26015,2510V1.2,25/08/2026,11:01:14,Ok,,,,,
456,25354,89C7C7F22F,2510V1.2,25/08/2026,11:04:20,Ok,,,,,
457,25354,F41D20AC15,2510V1.2,25/08/2026,11:07:18,Ok,,,,,
458,25354,E92DE5BE17,2510V1.2,25/08/2026,11:10:18,Ok,,,,,
459,25354,0729D73716,2510V1.2,25/08/2026,11:13:22,Ok,,,,,
460,25354,B7FA334016,2510V1.2,25/08/2026,11:16:32,Defected (TempSensor_IC-DisChargeTest:4),,,,,
461,25354,E7CA605815,2510V1.2,25/08/2026,11:19:39,Ok,,,,,
462,25354,024C3EC82C,2510V1.2,25/08/2026,11:21:27,Defected (ChargeDuration-ChargeTest:1),,,,,
463,25354,35AE33B92C,2510V1.2,25/08/2026,11:24:33,Ok,,,,,
464,25354,9A1087062F,2510V1.2,25/08/2026,11:27:31,Ok,,,,,
465,25354,CCDEF18C16,2510V1.2,25/08/2026,11:30:30,Ok,,,,,
466,25354,01D7F2A52C,2510V1.2,25/08/2026,11:33:27,Ok,,,,,
467,25354,998B4B6B2F,2510V1.2,25/08/2026,11:36:29,Ok,,,,,
468,25354,45337616F0,2510V1.2,25/08/2026,11:39:27,Ok,,,,,
469,25354,C064E1B015,2510V1.2,25/08/2026,11:41:23,Defected (ChargeDuration-ChargeTest:1),,,,,
470,25354,714AB70AF0,2510V1.2,25/08/2026,11:44:27,Ok,,,,,
471,25354,D3B3A14415,2510V1.2,25/08/2026,12:05:00,Defected (ChargeDuration-ChargeTest:1),,,,,
472,25354,A42D73B416,2510V1.2,25/08/2026,12:10:55,Ok,,,,,
473,25354,1503250EF3,2510V1.2,25/08/2026,12:14:08,Ok,,,,,
474,25354,1200B2512C,2510V1.2,25/08/2026,12:16:08,Defected (ChargeDuration-ChargeTest:1),,,,,
475,25354,BE25CA832F,2510V1.2,25/08/2026,12:19:20,Ok,,,,,
476,25354,119B7E3C2C,2510V1.2,25/08/2026,12:22:24,Ok,,,,,
477,25354,CEB88F2CF3,2510V1.2,25/08/2026,12:25:36,Ok,,,,,
478,25354,BB40237C15,2510V1.2,25/08/2026,12:27:49,Defected (VCapShutDownOutOfRange-DisChargeTest:4),,,,,
479,25354,2679734D2C,2510V1.2,25/08/2026,12:30:59,Ok,,,,,
480,25354,BDF0FD672D,2510V1.2,25/08/2026,13:04:05,Ok,,,,,
481,25354,3E34C45C2D,2510V1.2,26/08/2026,08:06:59,Defected (ChargeDuration-ChargeTest:1),,,,,
482,25354,9B46B4111E,2510V1.2,26/08/2026,08:09:48,Defected (ChargeDuration-ChargeTest:1),,,,,
483,25354,A388F88329,2510V1.2,26/08/2026,08:14:20,Defected (ChargeDuration-ChargeTest:1),,,,,
484,25354,0011AB122D,2510V1.2,26/08/2026,08:16:16,Defected (ChargeDuration-ChargeTest:1),,,,,
485,25354,601CDC7C2A,2510V1.2,26/08/2026,08:18:37,Defected (ChargeDuration-ChargeTest:1),,,,,
486,25354,BEF6C61829,2510V1.2,26/08/2026,08:20:48,Defected (ChargeDuration-ChargeTest:1),,,,,
487,25354,54651D602A,2510V1.2,26/08/2026,08:24:07,Ok,,,,,
488,25354,A22C98F82A,2510V1.2,26/08/2026,08:27:13,Defected (ChargeDuration-ChargeTest:1),,,,,
489,25354,E63860562D,2510V1.2,26/08/2026,08:30:44,Ok,,,,,
490,25354,6D0F31891E,2510V1.2,26/08/2026,08:33:27,Defected (ChargeDuration-ChargeTest:1),,,,,
491,25354,274D79961F,2510V1.2,26/08/2026,08:37:34,Ok,,,,,
492,25354,3BD9DCFF1E,2510V1.2,26/08/2026,08:48:42,Defected (ChargeDuration-ChargeTest:1),,,,,
493,25354,318572AD1E,2510V1.2,26/08/2026,08:51:40,Defected (ChargeDuration-ChargeTest:1),,,,,
494,25354,CE7CAA8811,2510V1.2,26/08/2026,08:55:05,Ok,,,,,
495,25354,B9F77E361F,2510V1.2,26/08/2026,08:57:42,Defected (ChargeDuration-ChargeTest:1),,,,,
496,25354,E99CD0E913,2510V1.2,26/08/2026,09:09:59,Defected (ChargeDuration-ChargeTest:1),,,,,
497,25354,2F6D1DE92A,2510V1.2,26/08/2026,09:12:15,Defected (ChargeDuration-ChargeTest:1),,,,,
498,25354,DDABEA7C11,2510V1.2,26/08/2026,16:58:03,Repaired,Unknown_was_on_2026-08-26_09:18:57,Defected_was_on_2026-08-26_15:51:38,,,
499,25354,7ADFF22C2C,2510V1.2,26/08/2026,09:23:55,Defected (ChargeDuration-ChargeTest:1),,,,,
500,25354,AF3F750D1E,2510V1.2,26/08/2026,09:27:25,Ok,,,,,
501,25354,D104FC0E1F,2510V1.2,26/08/2026,09:31:58,Ok,,,,,
502,25354,C7CCF7351E,2510V1.2,26/08/2026,09:36:16,Ok,,,,,
503,25354,00E3F87E1F,2510V1.2,26/08/2026,09:40:23,Defected (ChargeDuration-ChargeTest:1),,,,,
504,25354,E57D3D121F,2510V1.2,26/08/2026,09:42:44,Defected (ChargeDuration-ChargeTest:1),,,,,
505,25354,BCE835F91E,2510V1.2,26/08/2026,09:56:02,Defected (ChargeDuration-ChargeTest:1),,,,,
506,25354,02E5906311,2510V1.2,26/08/2026,09:58:47,Defected (ChargeDuration-ChargeTest:1),,,,,
507,25354,E58F6E7E2D,2510V1.2,26/08/2026,10:01:14,Defected (ChargeDuration-ChargeTest:1),,,,,
508,25354,B2B318FA2C,2510V1.2,26/08/2026,10:03:35,Defected (ChargeDuration-ChargeTest:1),,,,,
509,25354,225232591E,2510V1.2,26/08/2026,10:05:47,Defected (ChargeDuration-ChargeTest:1),,,,,
510,25354,13C6EBE62D,2510V1.2,26/08/2026,10:07:45,Defected (ChargeDuration-ChargeTest:1),,,,,
511,25354,7ED8717D1E,2510V1.2,26/08/2026,10:09:59,Defected (ChargeDuration-ChargeTest:1),,,,,
512,25354,451006902D,2510V1.2,26/08/2026,10:12:41,Defected (ChargeDuration-ChargeTest:1),,,,,
513,25354,4AA1B0611E,2510V1.2,26/08/2026,10:16:43,Ok,,,,,
514,25354,C2D3BCFA1F,2510V1.2,26/08/2026,10:19:38,Defected (ChargeDuration-ChargeTest:1),,,,,
515,25354,349A39621F,2510V1.2,26/08/2026,10:21:44,Defected (ChargeDuration-ChargeTest:1),,,,,
516,25354,5976F0951E,2510V1.2,26/08/2026,10:24:08,Defected (ChargeDuration-ChargeTest:1),,,,,
517,25354,731722D0F1,2510V1.2,26/08/2026,10:27:05,Defected (ChargeDuration-ChargeTest:1),,,,,
518,25354,41A49FE7F2,2510V1.2,26/08/2026,10:30:27,Ok,,,,,
519,25354,5002888CF3,2510V1.2,26/08/2026,10:33:51,Defected (ChargeDuration-ChargeTest:1),,,,,
520,25354,6E27E7C2F3,2510V1.2,27/08/2026,12:02:28,Repaired,Unknown_was_on_2026-08-26_10:36:36,Defected_was_on_2026-08-26_17:00:36,,,
521,25354,A5FC033CF3,2510V1.2,26/08/2026,10:39:23,Defected (ChargeDuration-ChargeTest:1),,,,,
522,25354,5273DF13F2,2510V1.2,26/08/2026,11:08:56,Defected (ChargeDuration-ChargeTest:1),,,,,
523,25354,EA720C77F5,2510V1.2,26/08/2026,11:12:28,Defected (ChargeDuration-ChargeTest:1),,,,,
524,25354,CDDC8D9FF5,2510V1.2,26/08/2026,11:14:58,Defected (ChargeDuration-ChargeTest:1),,,,,
525,25354,3C11DCC7FE,2510V1.2,26/08/2026,11:18:48,Defected (ChargeDuration-ChargeTest:1),,,,,
526,25354,0B3A69A028,2510V1.2,26/08/2026,11:30:47,Ok,,,,,
527,25354,DE0BCD6BF5,2510V1.2,26/08/2026,11:35:55,Defected (ChargeDuration-ChargeTest:1),,,,,
528,25354,51E8137EF2,2510V1.2,26/08/2026,11:39:13,Ok,,,,,
529,25354,B62B43C8F3,2510V1.2,26/08/2026,11:42:28,Defected (ChargeDuration-ChargeTest:1),,,,,
530,25354,5891F6D52B,2510V1.2,26/08/2026,11:44:38,Defected (ChargeDuration-ChargeTest:1),,,,,
531,25354,306274ED2B,2510V1.2,26/08/2026,11:48:18,Ok,,,,,
532,25354,041BB5F12B,2510V1.2,26/08/2026,13:17:26,Ok,,,,,
533,25354,7F3F773D2B,2510V1.2,26/08/2026,13:21:28,Ok,,,,,
534,25354,2C94E84828,2510V1.2,26/08/2026,13:30:44,Defected (ChargeDuration-ChargeTest:1),,,,,
535,25354,E185709D2B,2510V1.2,26/08/2026,13:33:31,Defected (TempSensor_IC-DisChargeTest:4),,,,,
536,25354,23B534192B,2510V1.2,26/08/2026,13:43:16,Defected (ChargeDuration-ChargeTest:1),,,,,
537,25354,6CE837C92B,2510V1.2,26/08/2026,14:19:01,Defected (ChargeDuration-ChargeTest:1),,,,,
538,25354,08A1A5CD28,2510V1.2,26/08/2026,17:15:51,Ok,,,,,
539,25354,4B46B6212B,2510V1.2,26/08/2026,17:22:32,Ok,,,,,
540,25354,17CCF5052B,2510V1.2,26/08/2026,17:26:01,Ok,,,,,
541,25354,7968FC042C,2510V1.2,27/08/2026,09:09:59,Ok,,,,,
542,25354,9BFA1CF42E,2510V1.2,27/08/2026,09:12:27,Defected (ChargeDuration-ChargeTest:1),,,,,
543,25354,7E64D9982E,2510V1.2,27/08/2026,09:22:48,Defected (ChargeDuration-ChargeTest:1),,,,,
544,25354,C7ACE188F5,2510V1.2,27/08/2026,09:25:43,Defected (ChargeDuration-ChargeTest:1),,,,,
545,25354,C62BF1752B,2510V1.2,27/08/2026,09:48:43,Defected (ChargeDuration-ChargeTest:1),,,,,
546,25354,661D373016,2510V1.2,27/08/2026,09:50:43,Defected (ChargeDuration-ChargeTest:1),,,,,
547,25354,2.94E+21,2510V1.2,27/08/2026,09:54:06,Ok,,,,,
548,25354,B4C851862B,2510V1.2,27/08/2026,09:56:19,Defected (ChargeDuration-ChargeTest:1),,,,,
549,25354,18ED295428,2510V1.2,27/08/2026,10:08:23,Defected (ChargeDuration-ChargeTest:1),,,,,
550,25354,F25230692B,2510V1.2,27/08/2026,10:10:15,Defected (ChargeDuration-ChargeTest:1),,,,,
551,25354,E35FA6D8FE,2510V1.2,27/08/2026,10:13:10,Defected (ChargeDuration-ChargeTest:1),,,,,
552,25354,6DB3996C2E,2510V1.2,27/08/2026,14:32:55,Repaired,Unknown_was_on_2026-08-27_10:15:16,Defected_was_on_2026-08-27_14:21:59,,,
553,25354,41B3B6D816,2510V1.2,27/08/2026,10:18:42,Defected (ChargeDuration-ChargeTest:1),,,,,
554,25354,77C1826B2C,2510V1.2,27/08/2026,10:22:02,Ok,,,,,
555,25354,5264F62C16,2510V1.2,27/08/2026,10:25:13,Ok,,,,,
556,25354,59CA58702E,2510V1.2,27/08/2026,10:27:36,Defected (ChargeDuration-ChargeTest:1),,,,,
557,25354,AF83DDE82E,2510V1.2,27/08/2026,10:29:33,Defected (ChargeDuration-ChargeTest:1),,,,,
558,25354,882D5C002E,2510V1.2,27/08/2026,10:31:25,Defected (ChargeDuration-ChargeTest:1),,,,,
559,25354,177DC0522F,2510V1.2,27/08/2026,10:58:49,Defected (ChargeDuration-ChargeTest:1),,,,,
560,25354,BC549D1C2E,2510V1.2,27/08/2026,11:07:40,Ok,,,,,
561,25354,AD77E69912,2510V1.2,27/08/2026,11:12:09,Ok,,,,,
562,25354,BEA0A66D12,2510V1.2,27/08/2026,11:15:05,Defected (ChargeDuration-ChargeTest:1),,,,,
563,25354,CE32510113,2510V1.2,27/08/2026,11:17:14,Defected (ChargeDuration-ChargeTest:1),,,,,
564,25354,990E278512,2510V1.2,27/08/2026,15:40:57,Repaired,Unknown_was_on_2026-08-27_11:22:56,Defected_was_on_2026-08-27_15:34:15,,,
565,25354,6F47A21D12,2510V1.2,27/08/2026,11:29:48,Defected (ChargeDuration-ChargeTest:1),,,,,
566,25354,5B3E630112,2510V1.2,27/08/2026,11:42:32,Defected (ChargeDuration-ChargeTest:1),,,,,
567,25354,C58464A112,2510V1.2,27/08/2026,11:44:27,Defected (ChargeDuration-ChargeTest:1),,,,,
568,25354,B51693CD13,2510V1.2,27/08/2026,15:59:44,Defected (ChargeDuration-ChargeTest:1),,,,,
569,25354,8AD9677112,2510V1.2,27/08/2026,16:02:06,Defected (ChargeDuration-ChargeTest:1),,,,,
570,25354,83D592292D,2510V1.2,27/08/2026,16:05:20,Ok,,,,,
571,25354,6CF0AC3512,2510V1.2,27/08/2026,16:10:38,Ok,,,,,
572,25354,E88985C514,2510V1.2,27/08/2026,16:28:39,Ok,,,,,
573,25354,3F883FDB17,2510V1.2,27/08/2026,16:31:41,Defected (ChargeDuration-ChargeTest:1),,,,,
574,25354,3BCCDAB113,2510V1.2,27/08/2026,16:36:01,Defected (VCapShutDownOutOfRange-DisChargeTest:4),,,,,
575,25354,D4BF84D817,2510V1.2,27/08/2026,16:43:47,Defected (ChargeDuration-ChargeTest:1),,,,,
576,25354,C768C42C17,2510V1.2,27/08/2026,16:46:11,Defected (ChargeDuration-ChargeTest:1),,,,,
577,25354,BC4C06E017,2510V1.2,27/08/2026,16:51:01,Defected (ChargeDuration-ChargeTest:1),,,,,
578,25354,48E923F512,2510V1.2,27/08/2026,17:05:30,Ok,,,,,
579,25354,AF9B461417,2510V1.2,27/08/2026,17:08:22,Defected (ChargeDuration-ChargeTest:1),,,,,
580,25354,7C90E2E912,2510V1.2,27/08/2026,17:11:26,Defected (ChargeDuration-ChargeTest:1),,,,,
